{"cameraMode":{"drawMode":0,"name":"Shaded","section":"Shading Mode"},"sceneLighting":true,"audioPlay":false,"sceneViewState":{"showFog":true,"showMaterialUpdate":true,"showSkybox":true,"showFlares":true,"showImageEffects":true,"showParticleSystems":true},"in2DMode":false,"pivot":{"x":639.3131103515625,"y":282.37884521484377,"z":54.11875534057617},"rotation":{"x":-0.03330241143703461,"y":-0.008083733730018139,"z":0.00024110237427521497,"w":-0.9994362592697144},"size":731.1976318359375,"orthographic":false}